id;eng_mail;eng_name;eng_last_name
1;Versatile Knolls Checking Account;Bacon Movies;grey Intelligent Colombia
2;matrix;discrete 4th generation;relationships mesh Supervisor
3;SCSI calculating;Dynamic Home Loan Account;Fish
4;black Internal;Rustic Avon;Global
5;Alaska;Mount Bedfordshire Loaf;Administrator Gloves synthesize
6;generate system Rubber;Investor;Auto Loan Account Trail Azerbaijanian Manat
7;sensor;open system;capacity Public-key platforms
8;index architectures;withdrawal;Nebraska Fiji Dollar
9;transparent Pizza Maine;connect;Auto Loan Account bypass Sudan
10;Robust customized Swaziland;Applications PCI Alaska;reinvent North Dakota
